word,count
月,236
情報,199
http,190
システム,179
jp,174
pdf,168
論文,138
com,135
人,127
www,119
txt,89
先生,77
自分,71
ゼミ,68
学会,63
html,63
ー,62
ぼかし,60
gmail,60
必要,59
データ,58
A,57
ne,56
オノマトペ,54
動き,54
画像,53
インタラクション,52
カメラ,51
and,51
ディスプレイ,51
英語,49
コミュニケーション,48
技術,47
場所,47
マーカ,47
テーマ,43
ファイル,41
of,41
PC,39
時間割,39
可能,39
ページ,39
インタフェース,38
写真,38
漫符,37
形,36
赤,36
作品,36
value,36
M,35
情,35
概要,35
課題,34
方法,34
E,33
内容,33
インタラクティブ,33
音,33
水木,33
scroll,33
servoOutput,32
ac,32
a,32
毛,32
絵本,32
for,31
知識,31
感じ,30
scrollAndClick,30
あと,30
fullScroll,30
g,30
影,29
状況,29
基礎,29
済,29
複数,29
アート,28
資料,28
co,28
水,28
本,28
the,28
m,28
D,28
目的,27
C,27
in,27
卒論,27
Python,26
https,26
youtube,26
c,26
Processing,26
h,25
情報処理,25
v,25
Web,25
Information,25
遠隔,25
原稿,25
Exploratory,25
Data,25
例,25
動画,24
research,24
d,24
学生,24
手,24
電磁石,24
感情,24
所信,24
watch,24
興味,24
softbank,24
i,24
映像,23
漫画,23
B,23
ﾟ,23
就活,23
プロトタイプ,23
環境,23
木,23
Search,23
色,23
Shadow,23
素材,22
科学,22
画面,22
文字,22
教室,22
e,22
自動,22
EC,22
k,21
information,21
松下,21
スライド,21
春,21
u,21
修論,21
ezweb,21
センサ,21
文章,20
部分,20
Linked,20
白水,20
オントロジー,20
物体,20
V,20
視覚,20
温度,20
音声,20
手法,20
b,20
ユーザ,20
とこ,20
気,20
ソレノイド,19
SIGGRAPH,19
index,19
p,19
TC,19
学期,19
LED,19
番号,19
URL,18
電子,18
中間,18
思い出,18
x,18
ゲーム,18
orz,18
テーブル,18
コマンド,18
at,18
ゴム,18
方向,18
コード,18
人工,18
形状,18
プロジェクタ,18
アイデア,17
（株）,17
ver,17
詳細,17
世界,17
言語,17
アプリ,17
プリンタ,17
サイト,17
動向,17
サーベイ,17
or,17
data,16
ソース,16
OS,16
zip,16
大塚,16
名前,16
状態,16
看板,16
基本,16
To,16
TA,16
kansai,16
感覚,16
大学院,16
回路,16
Arduino,16
s,16
他,16
メディア,16
顔,16
on,16
空間,16
コミック,16
工学,16
音楽,16
大事,15
to,15
テキスト,15
個人,15
大学,15
布,15
重要,15
人達,15
キャンパス,15
CG,15
K,15
search,15
現状,15
Open,15
便利,15
T,15
アンケート,14
学校,14
LOD,14
単語,14
Ruby,14
モノ,14
構造,14
簡単,14
hiki,14
ツール,14
知能,14
東京,14
arduino,14
サイズ,14
The,14
メールアドレス,14
磁石,14
org,14
相手,14
組み合わせ,14
オブジェクト,14
盛,14
インストール,14
スクリーン,14
頭,14
修士,13
シリコン,13
最終,13
日本,13
導,13
TODO,13
w,13
センサー,13
キーワード,13
ソフトウェア,13
章,13
好き,13
故郷,13
可視,13
専門,13
ライブラリ,13
目標,13
インターンシップ,13
表情,13
みや,13
人間,13
n,13
ターミナル,13
会員,13
秋,13
街,13
コマ,13
P,13
板,13
シナリオ,13
ipsj,12
デバイス,12
sh,12
地図,12
場,12
HTML,12
壁,12
brew,12
SIer,12
test,12
波長,12
デジタル,12
触覚,12
mail,12
js,12
感想,12
心理,12
タスク,12
ポスター,12
docomo,12
アニメーション,12
角度,12
クラス,12
usr,12
京都,12
png,11
ペルチェ,11
HIKI,11
サーバ,11
子ども,11
杉原,11
自然,11
etc,11
トップ,11
タイトル,11
履歴,11
touch,11
仕組み,11
チーム,11
絵,11
同士,11
AR,11
基準,11
ディレクトリ,11
金,11
ネット,11
ポイント,11
バイト,11
雨,11
会社,11
原因,11
コンテンツ,11
座標,11
HCG,11
まとめ,11
bin,11
Mac,11
光,11
地域,11
W,11
喩,11
blog,11
oF,11
現実,11
軸,11
メソッド,10
機会,10
プロジェクションマッピング,10
github,10
締切,10
段階,10
cm,10
web,10
松田,10
Windows,10
flash,10
最後,10
Asia,10
電流,10
クリック,10
jpg,10
processing,10
首,10
日時,10
イベント,10
Nomarl,10
レベル,10
院,10
DC,10
WI,10
Interaction,10
モーション,10
大阪,10
google,10
f,10
一つ,10
S,10
形式,10
Red,10
インターン,10
無線,10
rtf,10
下,10
特徴,10
親子,10
対象,10
学部,10
Firefox,10
y,9
背景,9
別,9
英,9
リスト,9
ハッカソン,9
教材,9
コンテクスト,9
archives,9
スケジュール,9
OK,9
電圧,9
Under,9
php,9
HomeBrew,9
t,9
Interface,9
セッション,9
SA,9
チャット,9
素子,9
JSAI,9
サンプル,9
手段,9
Do,9
ＴＣ,9
線表,9
ライト,9
kinect,9
ARToolKit,9
フレーム,9
ビーズ,9
家族,9
WEB,9
ざき,9
懇親,9
関西,9
高槻,9
ニュース,9
文書,9
graduatethesis,9
シーン,8
API,8
加速度,8
Hiki,8
ミラー,8
指,8
プレ,8
家,8
置き場,8
I,8
記事,8
文献,8
横,8
新聞,8
元,8
近況,8
先輩,8
マーカー,8
下記,8
JavaScript,8
印象,8
最初,8
間,8
F,8
山下,8
J,8
ネットワーク,8
グラフ,8
自己,8
Twitter,8
山口,8
紙,8
関心,8
日本語,8
支部,8
迷惑,8
Interactive,8
スタンプ,8
効果,8
透明,8
閾値,8
大丈夫,8
Java,8
裕,8
カレー,8
interaction,8
人物,8
ストーリー,8
町,8
紐,8
自身,8
HP,8
一般,8
嫌,8
因果,8
動詞,8
気持ち,8
tex,8
火,8
体,8
無理,8
NTT,8
ぬいぐるみ,7
知,7
music,7
Text,7
峻,7
夏休み,7
電気,7
アカウント,7
糸,7
アドレス,7
阪口,7
光量,7
合金,7
スペース,7
井上,7
土日,7
NAS,7
パラメータ,7
理論,7
with,7
文法,7
申込,7
ノート,7
paper,7
電動,7
ターゲット,7
pde,7
幼児,7
キー,7
本論,7
Q,7
python,7
容量,7
芦田,7
久しぶり,7
二つ,7
work,7
Sphero,7
考え,7
自体,7
論理,7
大変,7
htm,7
ガラス,7
ソフト,7
not,7
ゆか,7
電機,7
明和,7
マウス,7
fa,7
モデル,7
エピソード,7
CCD,7
今岡,7
AC,7
目次,7
能力,7
次,7
ペルソナ,7
テグス,7
NLTK,7
net,7
風景,7
確か,7
バンガロール,7
住宅,7
島田,7
商品,7
そのもの,7
Wi,7
数,7
中心,7
普通,7
微妙,7
コンピュータ,7
Gainer,7
knowledge,7
ヒント,7
Design,7
ロボティクス,7
pip,7
風,7
ネタ,7
r,7
H,7
機器,7
ID,7
pp,7
ベース,7
プロジェクト,7
社会,7
受話器,7
ビデオ,7
線,7
local,7
パレット,7
事前,6
yahoo,6
つながり,6
feature,6
案,6
X,6
音量,6
関数,6
VisEx,6
モータ,6
スクリプト,6
formula,6
国際,6
こ,6
椅子,6
大会,6
al,6
医療,6
Report,6
簡易,6
早急,6
コンセプト,6
グランフロント,6
場面,6
忘年会,6
アクチュエータ,6
手芸,6
do,6
２つ,6
過程,6
visualization,6
性能,6
コンパイル,6
ruby,6
otsuka,6
電源,6
物品,6
表面,6
マップ,6
静,6
空中,6
Learning,6
視線,6
go,6
LBP,6
R,6
PATH,6
アナログ,6
メイン,6
種類,6
感触,6
赤井,6
BJ,6
twitter,6
N,6
主観,6
Sigam,6
北海道,6
user,6
ドイツ,6
mining,6
皆さん,6
早め,6
tokyo,6
かなり,6
main,6
上間,6
価格,6
不可視,6
チューブ,6
インク,6
距離,6
穴,6
hatena,6
Fi,6
gaiyou,6
ドット,6
磁性,6
install,6
車,6
たん,6
ペン,6
XBee,6
最適,6
値,6
Extraction,6
小林,6
閉室,6
内藤,6
手がかり,6
時代,6
Triage,6
IP,6
IR,6
ユーザー,6
感,6
design,6
catalog,6
フィルタ,6
光源,6
ローカル,6
Light,6
ピクセル,6
特別,6
related,6
KU,6
植物,6
TeX,6
TATA,6
方々,5
イラスト,5
筧,5
モード,5
導線,5
製品,5
店,5
テンポ,5
by,5
標準,5
束,5
プロ,5
テレビ,5
palette,5
概念,5
DEIM,5
硬軟,5
口頭,5
あぶり出し,5
メーカー,5
精度,5
分野,5
和広,5
プレゼンテーション,5
タッチパネル,5
智,5
動的,5
仕掛け,5
序論,5
Google,5
ジャーナリズム,5
Todo,5
山田,5
GitHub,5
苗村,5
巨大,5
uk,5
鈴木,5
アダプタ,5
Prog,5
範囲,5
新規,5
PV,5
フォルダ,5
CHARM,5
ボタン,5
From,5
yuka,5
資格,5
日程,5
サークル,5
pptx,5
基盤,5
現象,5
foraging,5
部品,5
新た,5
Y,5
System,5
司,5
TETDM,5
ハードウェア,5
ex,5
Blink,5
最大,5
アニメ,5
部屋,5
機構,5
辞書,5
田中,5
サロン,5
時計,5
試み,5
uema,5
声,5
bash,5
パタン,5
楽,5
研究所,5
Done,5
順番,5
親,5
期間,5
アプリケーション,5
危険,5
園田,5
sudo,5
iPhone,5
スポーツ,5
友人,5
綺麗,5
先,5
様々,5
スト,5
トレーシングペーパー,5
シャボン,5
尾,5
未来,5
笑,5
単位,5
役割,5
TOEIC,5
リズム,5
企業,5
時,5
sift,5
藤田,5
加藤,5
楽天,5
考え方,5
暇,5
info,5
凹凸,5
色々,5
道,5
なか,5
文,5
seeking,5
知的,5
インシデント,5
不明,5
モジュール,5
お金,5
akizukidenshi,5
Github,5
地元,5
逆,5
平成,5
profile,5
ディジタル,5
text,5
切り替え,5
マス,5
like,5
about,5
Japan,5
mm,5
田舎,5
Beyond,5
トリアージ,5
友達,5
可変,5
Fur,5
院試,5
広川,5
グループ,5
miyazaki,5
シンプル,5
アルゴリズム,5
磁力,5
前田,5
オンオフ,5
身,5
RDF,5
年,5
観点,5
撥,5
中級,5
イン,5
Display,5
模様,5
身長,5
経済,5
from,5
Drone,5
松野,5
苦手,5
石井,5
やり直し,5
赤外線,5
側,5
書類,5
教科書,5
et,5
中身,4
上,4
事務,4
有効,4
それなり,4
直接的,4
entry,4
匂い,4
形態素,4
Tokyo,4
琢磨,4
foo,4
o,4
Knowledge,4
平岡,4
山本,4
パワポ,4
量,4
要素,4
年内,4
流れ,4
MacOSX,4
ACM,4
soranaka,4
位置づけ,4
ctrl,4
松村,4
中華,4
Dervin,4
シルエット,4
趣味,4
媒体,4
No,4
障害,4
as,4
Real,4
物理,4
系列,4
tk,4
仕掛,4
大切,4
学籍,4
Conference,4
日,4
金属,4
サイバーエージェント,4
ワークショップ,4
棒,4
大垣,4
OF,4
株,4
メンテナンス,4
現時点,4
ドライバ,4
事項,4
言い換え,4
聴覚,4
Д,4
力,4
楽器,4
言葉,4
仕様,4
kutc,4
cc,4
docs,4
コロキアム,4
版,4
パペット,4
Pirolli,4
yuki,4
母親,4
cm×,4
アーカイブ,4
lab,4
回数,4
具合,4
やり方,4
asakan,4
昌史,4
土地,4
重量,4
申し込み,4
康明,4
post,4
Make,4
古田,4
会,4
セキュリティ,4
Tech,4
English,4
未踏,4
タンジブル,4
打ち合わせ,4
Response,4
RGB,4
ペーパー,4
デスク,4
amano,4
リフト,4
脳,4
鍵,4
cd,4
東,4
夏,4
文化,4
コースター,4
端末,4
fc,4
ファイバ,4
乾,4
温,4
With,4
雑音,4
mobile,4
傘,4
Imaoka,4
年齢,4
備考,4
An,4
Rails,4
gl,4
テクノ,4
講座,4
講師,4
カーテン,4
SIGEC,4
席,4
CGI,4
hl,4
ずれ,4
福井,4
被験者,4
無事,4
sigam,4
モデリング,4
ハーフ,4
羽,4
is,4
堀下,4
特性,4
ボール,4
心拍,4
人数,4
科目,4
リアルタイム,4
memo,4
ピカソ,4
iMac,4
Ogaki,4
ja,4
困難,4
納,4
Paper,4
物,4
パソコン,4
日記,4
ぬくもり,4
気軽,4
ヒューマンエージェントインタラクション,4
ダメ,4
interactive,4
上記,4
目,4
感性,4
Maker,4
PHOTMOSPHERE,4
スタイル,4
O,4
小型,4
誰か,4
雰囲気,4
お互い,4
blogspot,4
謎,4
ピント,4
疑問,4
otknoy,4
くだり,4
足,4
光範,4
mv,4
無意識,4
ひろ,4
ロード,4
news,4
Computer,4
多重,4
Topic,4
HI,4
現代,4
口,4
no,4
コース,4
theory,4
Touch,4
exploratory,4
謝辞,4
IM,4
IC,4
パターン,4
遠距離,4
osaka,4
方式,4
all,4
机,4
単純,4
アバター,4
理由,4
初心者,4
タブレット,4
NTCIR,4
english,4
変,4
本文,4
やりとり,4
差,4
use,4
ペーパ,4
名詞,4
jQuery,4
おかげ,4
香り,4
シェル,4
書き直し,4
Unity,4
カテゴライズ,4
本気,4
マンガ,4
セミナー,3
正常,3
サブモダリティー,3
シート,3
シール,3
ブログ,3
メール,3
図書館,3
賞,3
所,3
ノーマン,3
貴,3
rm,3
後回し,3
Word,3
スマホ,3
左側,3
日常,3
トピック,3
wikipedia,3
同様,3
日当,3
氏名,3
On,3
ロボティクスソフトウェア,3
レシピ,3
Table,3
shadow,3
和,3
Facebook,3
ISIS,3
アブ,3
Javascript,3
タグ,3
マルチ,3
センター,3
だめ,3
applications,3
スタバ,3
韓国,3
交通,3
パズル,3
冷温,3
真ん中,3
度合い,3
サーボ,3
大人,3
軌跡,3
貴重,3
Wordpress,3
法人,3
ascii,3
UTF,3
ハードル,3
exif,3
題材,3
外国,3
an,3
ax,3
komoike,3
部署,3
ti,3
悠,3
section,3
仕切り,3
science,3
learn,3
候補,3
コイル,3
ﾉ,3
吸水,3
カルテ,3
Faire,3
富山,3
表,3
Gmail,3
日付,3
Query,3
経路,3
大型,3
Card,3
哲生,3
動物,3
vol,3
Designing,3
elem,3
ACIS,3
OG,3
OB,3
ARToolkit,3
kaigi,3
濱村,3
空気,3
高間,3
User,3
入れ替え,3
code,3
Supporting,3
ば,3
PTAM,3
哉,3
歌,3
図,3
幹事,3
ヒューマン,3
system,3
Workshop,3
かん,3
サムネイル,3
GFO,3
picture,3
スポンジ,3
Space,3
vi,3
絵文字,3
根本,3
ISCA,3
やる気,3
gainer,3
ドラえもん,3
銀行,3
プレイヤー,3
個,3
エフェクト,3
也,3
Home,3
方針,3
Virtual,3
カキ,3
Analysis,3
陸,3
加,3
櫻井,3
匿名,3
Backup,3
系,3
下部,3
亜,3
傾き,3
昂,3
宿,3
ドラッグ,3
寺島,3
Mini,3
eps,3
舘,3
渡辺,3
Proceedings,3
有用,3
ワイヤー,3
喜怒哀楽,3
nltk,3
アバターチャット,3
正直,3
程度,3
クエリ,3
最小,3
topic,3
グラデーション,3
鉄心,3
大森,3
点数,3
xs,3
丁寧,3
Mozilla,3
スキル,3
converter,3
IVRC,3
両方,3
要因,3
between,3
事情,3
learning,3
document,3
カラー,3
アド,3
多様,3
ＰＣ,3
マシン,3
log,3
Purpose,3
季,3
擬音,3
見た目,3
evernote,3
wrbmc,3
圧力,3
Semantic,3
学年,3
シス,3
FirefoxOS,3
要件,3
期限,3
Ingwersen,3
嫌い,3
Ajax,3
定時,3
晋,3
篠木,3
TO,3
具体,3
手順,3
関大,3
フェルト,3
最低,3
裕美,3
哲学,3
モバイル,3
gakkai,3
視点,3
based,3
不要,3
夏海,3
Yahoo,3
ぶん,3
誤字,3
フル,3
Sensemaking,3
宮崎,3
谷,3
カード,3
UP,3
UI,3
映画,3
display,3
リーダブルコード,3
void,3
アクティブ,3
Hercules,3
立命館大学,3
new,3
曲調,3
前半,3
ろ,3
てるみ,3
予稿,3
ブロック,3
ハード,3
Visualization,3
liberty,3
英文,3
CN,3
Slanting,3
id,3
if,3
VA,3
Morris,3
活性,3
ZYE,3
Support,3
間接,3
完全,3
京都大,3
TEL,3
Z,3
Puppet,3
自動的,3
外部,3
making,3
sample,3
kzhdfjt,3
map,3
リモコン,3
mac,3
Rain,3
G,3
狐,3
wiki,3
sugihara,3
DS,3
周辺,3
実物,3
水面,3
Mecab,3
Berrypicking,3
森,3
曲,3
watir,3
要領,3
draw,3
ギター,3
もと,3
必死,3
Canvas,3
メニュー,3
列,3
ｗｗｗｗ,3
未知,3
大まか,3
shard,3
retrieval,3
朝田,3
公式,3
iamas,3
ES,3
XY,3
download,3
think,3
Sensor,3
DBpedia,3
財産,3
ライフ,3
Collaborative,3
垂直,3
時点,3
Stroke,3
source,3
cognitive,3
岡本,3
ひとみ,3
gomi,3
ゅ,3
テクテク,3
Paradigm,3
Mat,3
便益,3
めちゃくちゃ,3
エンターテイメント,3
辺,3
jsai,3
本屋,3
東京大学,3
休み,3
空き地,3
続き,3
Schedule,3
ls,3
res,3
心,3
利点,3
スクレイピング,3
読み込み,3
楽しみ,3
高度,3
串山,3
大学生,3
指針,3
個性,3
マシ,3
眞木子,3
株式会社,3
実家,3
バス,3
速度,3
detail,3
他人,3
セマンティック,3
GW,3
soqtaq,3
マルチメディア,3
dotinstall,3
アメリカ,3
マニュアル,3
me,3
プロセス,3
ゴミ,3
エンターテインメント,3
goo,3
液晶,3
西村,3
top,3
servo,3
hasui,3
yucky,3
悩み,3
サブ,3
Cognitive,3
amazon,3
report,3
理想,3
病院,3
原研,3
３つ,3
conference,3
フォーマット,3
LinkedData,3
都市,3
James,3
倫理,3
Vol,3
健,3
室内,3
モダリティ,3
値段,3
立体,3
擬似,3
台本,3
リング,3
中松,3
無料,3
欠点,3
White,3
name,3
芸術,3
パイプ,3
SCIS,3
菰,3
成績,3
Research,3
久美子,3
パッケージ,3
欄,3
バイオメタルファイバー,3
代わり,3
ゴール,3
model,3
アーキテクチャ,3
スピーカー,3
週間,3
窓口,3
通り,3
美術館,3
こだわり,3
アクリル,3
what,3
オフィス,3
Evaluation,3
LINE,3
タイム,3
アクション,3
blank,3
住民,3
まつ,3
周り,3
痕跡,3
蓮井,3
windows,3
鉄,3
数値,3
art,3
耶香,3
analysis,3
シティ,3
takeshima,3
片山,3
openframeworks,3
阿部,3
webprogram,3
imaoka,3
Singapore,3
edu,3
エンジン,3
解像度,3
笹田,3
ninmap,3
articles,3
コンパス,3
下仲,3
誠,3
リモートセンシング,3
マイナス,3
生,3
Games,3
いろいろ,3
THE,3
GPS,3
池,3
Taxonomy,3
定,3
DVD,3
table,3
幸せ,3
マーケティング,3
内部,3
見直し,3
openFrameworks,3
不思議,3
ログイン,3
高級,3
紗,3
件,3
明確,2
買い出し,2
西日本,2
類,2
正広,2
和也,2
YukiShimonaka,2
dno,2
正式,2
積み重ね,2
lightunderpine,2
長丁場,2
おじゃん,2
竹島,2
学,2
Functional,2
究極,2
ry,2
Super,2
University,2
Work,2
Human,2
QPServer,2
service,2
区切り,2
綿,2
ナーシングスキルズ,2
project,2
icloud,2
お手数,2
Resources,2
ボイチェン,2
線形,2
Kinect,2
result,2
Android,2
Advanced,2
良,2
Naemura,2
エリア,2
ペット,2
昭,2
皆様,2
劣,2
がたがた,2
やから,2
琢,2
support,2
レディ,2
パワー,2
slideshare,2
中之島,2
コントローラ,2
time,2
きり,2
個別,2
林太郎,2
アプリコンテスト,2
年度,2
engineer,2
love,2
きれい,2
真宏,2
oreilly,2
visual,2
私物,2
シャープ,2
雪,2
si,2
正味,2
WISS,2
アスファルト,2
ジェンガ,2
city,2
ファラデー,2
グランプリ,2
同時,2
MuST,2
亮,2
浦西,2
サーチ,2
リスク,2
hamamura,2
Systems,2
Amateras,2
キャラクター,2
今村,2
道路,2
FSS,2
Tangible,2
nabata,2
COMMUNICATIONS,2
中途半端,2
気分,2
稲見,2
Bloom,2
Graffiti,2
livedoor,2
汎用,2
world,2
Matsushita,2
沙紀,2
セロテープ,2
COM,2
tabelog,2
小学校,2
汗,2
ace,2
NO,2
NG,2
ランキング,2
NR,2
絵描き,2
仁,2
識,2
ai,2
椎尾,2
順位,2
Lumisight,2
tw,2
baton,2
慶,2
yukihiro,2
social,2
objectives,2
ツッコミ,2
mori,2
優秀,2
潔,2
もどき,2
summarization,2
ｗｗｗ,2
vmcat,2
operation,2
神戸,2
視聴覚,2
introduction,2
後ろ,2
序説,2
松福,2
伊藤,2
のぞみ,2
経費,2
keyword,2
interface,2
スタイリッシュ,2
Desining,2
実,2
和宏,2
品,2
アルバム,2
カーナビ,2
無駄,2
firefox,2
RDFLib,2
relevance,2
Frank,2
ファッション,2
bs,2
側面,2
poster,2
目線,2
Memory,2
印刷物,2
作り方,2
常識,2
yamatomonn,2
器具,2
北海道大学,2
eve,2
友樹,2
ワーク,2
腑,2
ワード,2
ctz,2
直,2
宴会,2
sgk,2
high,2
this,2
残り,2
すじ,2
ほんま,2
educational,2
幸い,2
地道,2
move,2
眞,2
リアル,2
ことば,2
docx,2
books,2
散々,2
かく,2
bulletant,2
苦,2
佐藤,2
露,2
表紙,2
ドロップ,2
ch,2
ウェアラブル,2
洋,2
CSCW,2
自由,2
明暗,2
虚像,2
富松,2
精神療法,2
Speaking,2
手探り,2
schedule,2
VOL,2
専,2
地,2
右,2
盆,2
お家,2
綾,2
俊,2
いっしょ,2
word,2
SIFT,2
Digital,2
after,2
路線,2
l,2
文庫,2
list,2
ラーニング,2
CRES,2
VR,2
ルート,2
機材,2
業界,2
子,2
香奈子,2
CUPSCAPT,2
キット,2
Timetable,2
チープタッチ,2
df,2
dp,2
柔軟,2
wk,2
wq,2
品目,2
典子,2
豆,2
クック,2
MODE,2
ストリートウォッチング,2
nii,2
わかち書き,2
fmfm,2
太,2
iOS,2
指標,2
双方向,2
多分,2
正確,2
pgazuki,2
テープ,2
脈拍,2
安全,2
品番,2
國,2
優位,2
update,2
ガタガタ,2
特,2
カンファレンス,2
少年,2
Reilly,2
apache,2
霧吹き,2
怒り,2
電極,2
Sprout,2
ジャ,2
View,2
アート・エンタテインメント,2
amateras,2
夢,2
ネトジャ,2
浅野,2
INTERACTIVE,2
急ぎ,2
Skin,2
遼,2
づつ,2
お忙しい,2
cart,2
生物,2
手話,2
keio,2
用布,2
Mail,2
online,2
ガム,2
only,2
HSV,2
電池,2
オルゴール,2
アップデート,2
LDA,2
import,2
しん,2
article,2
真美,2
GHz,2
Browsing,2
utils,2
セル,2
Chart,2
廣瀬,2
L,2
メンター,2
カラム,2
売上,2
Project,2
クライアント,2
キシ,2
ツリー,2
レスポンス,2
原,2
メタ,2
src,2
有名,2
少女,2
恵,2
京大,2
きっかけ,2
GUI,2
横浜,2
自宅,2
inspired,2
グローバル,2
family,2
ロケーション,2
プラザ,2
教官,2
Belkin,2
千佳,2
CAI,2
CAD,2
ぁ,2
fb,2
kosaka,2
itmedia,2
systems,2
イメージキャプチャ,2
キーボード,2
水槽,2
チープ,2
大学院生,2
base,2
pyyaml,2
明,2
ハリネズミ,2
暦本,2
間隔,2
高齢,2
結び,2
新幹線,2
Users,2
FrameRate,2
Evaluating,2
マイク,2
筑波大,2
Haconiwa,2
hotmail,2
クリエイティブ,2
一式,2
linux,2
不能,2
権限,2
触れ合い,2
奥行き,2
モジュラ,2
TREC,2
cgi,2
民俗,2
ysshmmr,2
shino,2
Catherine,2
定期,2
ポット,2
IPSJ,2
TD,2
AI,2
SyncDecor,2
寺井,2
gP,2
Nov,2
JP,2
imgfeatures,2
母,2
アイコン,2
療法,2
asahi,2
宇宙,2
能動,2
割,2
木津川,2
ピン,2
水戸,2
プリンタドライバ,2
Developers,2
Multiple,2
テレ,2
片道,2
コンデンサ,2
special,2
StrokeSensor,2
rainterior,2
mkdir,2
翔太,2
ご苦労,2
instance,2
gallery,2
必須,2
ORICON,2
騒音,2
グラフィックス,2
インタラクションデザイン,2
菜々,2
非常,2
膝,2
テンプレート,2
マトリクス,2
江草,2
Visualizations,2
カッター,2
領域,2
ファ,2
齋藤,2
実体,2
VIKI,2
MacOS,2
視界,2
TIS,2
輪郭,2
GSK,2
プライベート,2
学割,2
UX,2
個数,2
IDE,2
曖昧,2
スマ,2
ロバ,2
オンライン,2
Mining,2
Delivery,2
stat,2
ミナ,2
太郎,2
Thomas,2
全力,2
傾向,2
webry,2
parapara,2
岩,2
波紋,2
メ,2
room,2
MacPro,2
Day,2
柄,2
ｗｗ,2
佐々木,2
故意,2
content,2
パパ,2
features,2
greeeen,2
わり,2
mini,2
特殊,2
佳,2
Visual,2
面,2
卓也,2
前回,2
重点,2
全国,2
語彙,2
イノベーション,2
Early,2
numpy,2
CD,2
SIGAM,2
鮮明,2
健太郎,2
ii,2
瓶,2
太陽,2
歴史,2
flying,2
リアリティ,2
隠岐,2
Wii,2
適切,2
Plus,2
晴,2
金融,2
マシュマロ,2
Technology,2
中学校,2
saku,2
sharing,2
函館,2
キャリブレーション,2
バイオ,2
q,2
д,2
口座,2
水量,2
ポリマー,2
language,2
ヒゲ,2
scraping,2
イルゴール,2
メタル,2
DO,2
DL,2
trace,2
Ringel,2
WK,2
ざわめき,2
DeformableWorkspace,2
Raytrix,2
複雑,2
calendar,2
高久,2
平面,2
Marshall,2
図形,2
国,2
沖,2
IEEE,2
Waves,2
猿,2
人手,2
Marchionini,2
kageo,2
進め方,2
メアド,2
プレート,2
mod,2
駄目,2
旅費,2
Contacts,2
洋平,2
ネイティブ,2
embed,2
ビブリオバトル,2
dropbox,2
FuSA,2
道具,2
笹尾,2
ブラウザ,2
ブレッドボード,2
メタデータ,2
リクルート,2
め,2
gM,2
意外,2
床,2
share,2
ritsumou,2
北,2
maps,2
css,2
てこ,2
unpealong,2
Soliloquy,2
通路,2
箱,2
Bar,2
書き方,2
催,2
ローカルリポジトリ,2
Language,2
クジャク,2
中川,2
RPG,2
lcoal,2
面積,2
ki,2
remove,2
インター,2
Printer,2
デジアカポピュカル,2
simple,2
繋がり,2
エンド,2
セリフ,2
sengoku,2
門,2
恋人,2
富士通テン,2
中安,2
task,2
bit,2
schraefel,2
歩,2
千里山,2
オリジナル,2
Sense,2
Terminal,2
functionality,2
Student,2
やけど,2
正会員,2
堀,2
query,2
Seeking,2
当たり,2
純一,2
円,2
assisted,2
access,2
ロンドン,2
Fu,2
使い方,2
真,2
Iterative,2
tinyuka,2
視野,2
CSS,2
TeXworks,2
Symbol,2
intermediate,2
キネティックオノマトペ,2
恒,2
妖怪,2
ISBN,2
枠組み,2
新人,2
アンインストール,2
ストローク,2
古西,2
sfc,2
controlP,2
Restive,2
本人,2
長期,2
広範囲,2
ToDo,2
発話,2
裕香,2
バッティング,2
progress,2
テクノロジー,2
Study,2
relevant,2
焦り,2
material,2
CaptureSize,2
バーチャル,2
事象,2
バー,2
COLOLO,2
サマー,2
bus,2
レート,2
快適,2
j,2
プロジェクター,2
woodenmirror,2
インターフェース,2
余裕,2
Metadata,2
Keyword,2
every,2
SIG,2
毛皮,2
UIST,2
kratos,2
四条,2
でんわ,2
forum,2
POVeditor,2
mA,2
手伝い,2
たま,2
ただ,2
鏡,2
mcmc,2
Four,2
ひと,2
perception,2
Roth,2
industrial,2
OpenCV,2
ひとり,2
父,2
備品,2
tool,2
意欲,2
中津,2
pass,2
raw,2
Summarization,2
健太,2
積極,2
けさ,2
oct,2
コンテスト,2
ttmaker,2
将棋,2
身近,2
ロータリエンコーダ,2
discovery,2
サーバー,2
学術,2
スイッチ,2
海人,2
Ellis,2
黒,2
研,2
俊介,2
cherry,2
プリズム,2
距,2
ロボット,2
災害,2
フルタ,2
姿勢,2
exiftool,2
家庭,2
ppt,2
リテラシー,2
道のり,2
Cilia,2
安里,2
SQLite,2
nk,2
papers,2
ns,2
mozilla,2
アンビエントディスプレイ,2
level,2
Canon,2
代数,2
客,2
本稿,2
Abst,2
原理,2
msf,2
Family,2
山西,2
擬人,2
アソブレラ,2
Demand,2
斉藤,2
ペルホネン,2
題,2
Finder,2
パーツ,2
array,2
由佳,2
技法,2
PDA,2
膜,2
さまざま,2
仮,2
フラン,2
磁気,2
窓側,2
めちゃめちゃ,2
coms,2
社員,2
容易,2
zeromiya,2
IT,2
サラリーマン,2
ブラック,2
In,2
キネクト,2
不安,2
Printers,2
春月,2
ごめん,2
リファレンス,2
パスワード,2
繊維,2
都合,2
progReport,2
ICU,2
GIF,2
例文,2
む,2
tel,2
Interest,2
犬,2
人形,2
Communication,2
構文,2
puriver,2
known,2
前提,2
健一郎,2
市橋,2
Linux,2
嘘,2
タイプ,2
脱字,2
ブレスト,2
アレイ,2
Skype,2
Reading,2
角,2
JTB,2
アイディア,2
工具,2
岩波,2
ファジィ,2
菰池,2
星,2
新書,2
JR,2
JS,2
みつば,2
ヘビ,2
ヘリ,2
investigate,2
移ろい,2
PHP,2
レッスン,2
ぃ,2
様子,2
context,2
パラメトリック,2
臨機応変,2
景観,2
demand,2
借り物,2
タッチ,2
短期,2
幾つ,2
季節,2
二番煎じ,2
残念,2
プルソレノイド,2
屋外,2
ぷるぷる,2
色調,2
くじ,2
中村,2
SPARQL,2
物質,2
ジャンル,2
ウェア,2
差異,2
Fuzzy,2
soturon,2
z,2
コン,2
コム,2
users,2
ココ,2
読み取り,2
本数,2
jimu,2
コレクション,2
初回,2
ブランチ,2
ブック,2
別紙,2
usp,2
枚数,2
インテック,2
ひかり,2
週,2
フィールド,2
面倒,2
ペース,2
成,2
雅生,2
座席,2
Task,2
不便,2
片側,2
edit,2
石丸,2
Meredith,2
ナース,2
ローカルストレイジ,2
ドナルド,2
福田,2
生き物,2
Document,2
GPA,2
蛍光,2
Nokogiri,2
Script,2
Retrieval,2
庭,2
miku,2
斜め,2
未定,2
住所,2
おじさん,2
返信,2
喜,2
絵かき,2
願書,2
コミュニケーションズ,2
export,2
チルトモーター,2
Submission,2
MLDC,2
holetaze,2
Shipman,2
ラベル,2
美,2
固有,2
Tex,2
シンポジウム,2
シリアル,2
波,2
用語,2
海,2
JavaJava,1
houyhnhnm,1
フィンランド,1
デザイナー,1
馬車馬,1
サイエンス,1
Paul,1
JNL,1
パール,1
引き,1
キャリア,1
agreement,1
hq,1
シーツ,1
五味,1
阪大,1
巨人,1
classification,1
DISITAL,1
砦,1
ぷよこん,1
クオリカ,1
飛鳥,1
晴彦,1
zemi,1
須佐,1
fashionjp,1
祐,1
yCY,1
ISTSC,1
blade,1
cXCsRWGhwWoVYy,1
example,1
kakehi,1
名物,1
Reality,1
aUrEs,1
hot,1
LR,1
LX,1
Bates,1
会場,1
まちまち,1
Eric,1
通常,1
先頭,1
あたり,1
インタラクションフォーマット,1
fir,1
モケイゾクシナイト,1
東北大学,1
確率,1
DANIEL,1
プロトコル,1
法学,1
Shield,1
APG,1
ninoseki,1
Recognizing,1
rL,1
laboratory,1
rN,1
匡,1
同志社,1
法定,1
rf,1
rb,1
ノーマル,1
いかん,1
MEDIA,1
ARToolkitPlus,1
秒,1
Egg,1
Chan,1
真っ暗,1
KXR,1
ょんぼりすることがいちばんしょんぼりですね,1
半額,1
魅力,1
APIs,1
needed,1
master,1
listen,1
usepackage,1
見出し,1
nzz,1
AUGUST,1
Methodology,1
アーカイブズ,1
ひろか,1
ひろき,1
ア,1
秋月,1
奈良,1
いとこ,1
世紀,1
ベクトル,1
neo,1
末吉,1
mouth,1
汗だく,1
使い,1
インタラクションモデル,1
書き込み,1
FINISH,1
ソーシャルデータ,1
layout,1
座,1
ベンダー,1
Account,1
重ね,1
重み,1
仲良し,1
ディア,1
Anderson,1
作家,1
天,1
定員,1
score,1
NXuQnDeIyY,1
業務,1
機,1
ミナー,1
つもり,1
Heeschen,1
教,1
ペーパーペイシェント,1
茶室,1
Bernstein,1
各種,1
chrome,1
カンジ,1
Acute,1
ヤリ,1
雄一,1
カンペ,1
和久,1
どん,1
TDD,1
wrbmcs,1
図面,1
巻,1
player,1
スペック,1
Ontologies,1
手遅れ,1
プライベートリポジトリ,1
Tracer,1
webstore,1
鹿,1
色付け,1
Rapid,1
恐竜,1
kanren,1
券,1
修平,1
shiio,1
シリコンゴムチューブ,1
やかん,1
people,1
月間,1
ゅあっぷあわ,1
Brygg,1
総生,1
InfoVis,1
PHOTOMOSPHERE,1
CAPT,1
authkey,1
ハンバーガー,1
Saleema,1
kurano,1
disorder,1
Use,1
HUWZp,1
Feb,1
秘境,1
関東,1
Preshalor,1
口コミ,1
冷房,1
恵み,1
脇田,1
comsoudesu,1
姿,1
ジェル,1
techmag,1
exist,1
ひとこと,1
アツ,1
FrontPageJa,1
ぱかぱかさせて,1
role,1
アマ,1
土産,1
アホ,1
仲間,1
顕,1
へん,1
平山,1
ブレ,1
体重,1
push,1
now,1
Desktop,1
Peek,1
山根,1
comuw,1
脳みそ,1
pen,1
kuwifi,1
FaintPop,1
皿,1
Prize,1
不自然,1
柔らか,1
さくら,1
好評,1
近畿大,1
インフルエンザ,1
タラ,1
弥,1
タブ,1
説,1
Polyrepresentation,1
manavee,1
目安,1
capefarewell,1
タイ,1
ペットボトル,1
MI,1
syncdecor,1
朝日新聞社,1
ipa,1
wang,1
working,1
awarehome,1
教授,1
Default,1
冊子,1
CONTENT,1
Sekine,1
RETRIEVAL,1
キニスンナ,1
だい,1
Liu,1
タッチセンサー,1
ケア,1
だし,1
Appliances,1
考現学,1
対称,1
完,1
耳元,1
katsu,1
実費,1
ウ,1
写経,1
葉,1
トンネル,1
ぱじゃないと,1
プイコ,1
Watir,1
improving,1
such,1
natural,1
上側,1
sw,1
su,1
st,1
爆睡,1
実質,1
Cather,1
飯島,1
sa,1
プレゼ,1
ょもにょ,1
find,1
名称,1
ハミング,1
プレイ,1
nymph,1
プル,1
methodology,1
honiden,1
イメージビリティ,1
mousePressed,1
支店,1
troponin,1
ョ,1
pitecan,1
KAI,1
vec,1
revised,1
NEW,1
Funnel,1
コンピュータネットワーク,1
インフラ,1
タンジブルユーザインタフェース,1
NICOGRAPH,1
有意義,1
方解石,1
シチュエーション,1
役,1
emotion,1
onc,1
法制,1
夏季,1
餌,1
one,1
Exhibition,1
monogocoro,1
bbc,1
肝,1
Creature,1
ホント,1
キンモクセイ,1
VgvVtb,1
representing,1
Haowei,1
sal,1
ジェリーキャスト,1
PERSPECTIVES,1
note,1
Important,1
小説,1
論,1
plaplax,1
Hypertext,1
MeCab,1
Chen,1
ファン,1
件数,1
大井,1
嫌がらせ,1
バランス,1
omron,1
sixapart,1
Yamamoto,1
ぱそこん,1
需要,1
いつの,1
曜社,1
大上,1
jobs,1
inphase,1
ActionScript,1
Lieberman,1
WWW,1
サイコロ,1
rhvhCiZtc,1
コロロ,1
ション,1
expression,1
siio,1
札幌,1
過剰,1
疎水,1
今更,1
友美,1
公聴,1
Lynch,1
的確,1
viewform,1
photos,1
ONJfp,1
動機,1
見事,1
事後,1
私的,1
canon,1
後,1
ハイパーメディア,1
頭痛,1
Profile,1
shaboned,1
教本,1
赫,1
ぴっと,1
湿度,1
ウィキ,1
librarianship,1
grounded,1
ghostly,1
uFt,1
年寄り,1
SVM,1
なで肩,1
日吉,1
intec,1
地帯,1
Recognition,1
Seriously,1
IKEA,1
フォント,1
CoSearch,1
exit,1
ddd,1
power,1
テキスタイル,1
康人,1
act,1
Nd,1
エクセル,1
NL,1
в,1
README,1
Kreymann,1
lang,1
complete,1
経,1
宝珠山,1
分量,1
Monke,1
aa,1
ドミノ,1
ab,1
ae,1
ag,1
合間,1
How,1
ar,1
年始,1
友紀,1
Read,1
生地,1
トントンドンドン,1
卓,1
rubynokogirihtm,1
ステップ,1
texurl,1
命,1
ジェイアール西日本,1
全般,1
かすか,1
レーザー,1
智雄,1
smile,1
ehon,1
Curiosity,1
乗り物,1
Wolf,1
collocated,1
デマンド,1
developing,1
Entity,1
アリエッティ,1
wjmE,1
Affectional,1
past,1
デッサン,1
サンゴ礁,1
yYDwCQ,1
鳴海,1
xox,1
最新,1
scientists,1
full,1
Jiang,1
Xbox,1
robotsfx,1
Means,1
番組,1
須弘,1
他者,1
Aug,1
vis,1
Elements,1
ショック,1
mecab,1
quanthric,1
春休み,1
VISUAL,1
香川,1
Takeshi,1
ぱかぱか,1
ショップ,1
概略,1
千原,1
針金,1
sense,1
インタラクティブアートヒューマンエージェント,1
さきがけ,1
ホテルメトロポリタンエドモント,1
xxxx,1
名所,1
siftsurf,1
rakuten,1
plant,1
Chat,1
仮説,1
tentacles,1
kunikara,1
自社,1
checkbox,1
直線,1
中,1
itc,1
JFE,1
nyatla,1
ステマ,1
忍者,1
インタラクティブ・データビジュアライゼーション,1
コンクストブックマーク,1
Affective,1
nifty,1
Michael,1
LIPS,1
筑波大学,1
東急ハンズ,1
子供,1
Sounds,1
Specification,1
収入,1
半角,1
鏡台,1
高速,1
大々的,1
黒字,1
電力,1
プチサバゲー,1
ピタゴラ,1
男性,1
驚き,1
ハワイー,1
Shape,1
techtalk,1
Fri,1
LUA,1
kobo,1
殻,1
コピペ,1
大出,1
Kakehi,1
Bloxels,1
aaa,1
知見,1
It,1
康史,1
康司,1
Kyoto,1
also,1
アイデアソンアプリ,1
記号,1
一秀,1
亜弓,1
lPygZf,1
克己,1
プラプラックス,1
質,1
OTF,1
Cost,1
小学生,1
Cloud,1
白地,1
ロジカルシンキング,1
mouseMoved,1
blender,1
黒川,1
Base,1
ＧＷＳ,1
治,1
ブルーノ・ムナーリ,1
Hearty,1
博,1
迷い,1
Gorbet,1
river,1
ともだち,1
IIAVM,1
see,1
commsf,1
スケルトン,1
javascript,1
xlab,1
口臭,1
パース,1
ナビ,1
バイメタル,1
ナン,1
InteractiveArt,1
レギュラー,1
北川,1
画風,1
学科,1
Yamashita,1
最悪,1
周囲,1
部数,1
psg,1
levels,1
す,1
Untangling,1
Named,1
knj,1
Kinetic,1
萌,1
using,1
雨粒,1
テニス,1
input,1
上保,1
ノンバーバルコミュニケーション,1
ジェネラティブ・アート,1
otibiryu,1
SKOS,1
projects,1
同等,1
Incremental,1
むずいけど,1
spring,1
紘,1
クローン,1
linuxunix,1
視差,1
bb,1
bo,1
PCBX,1
Pace,1
サラン,1
br,1
Hello,1
登坂,1
帆,1
into,1
不参加,1
takuma,1
optitrack,1
submit,1
ankisnap,1
tadanobuta,1
三郎丸,1
ふき,1
gatech,1
フィジカル,1
bizid,1
Office,1
cid,1
uw,1
ｶﾞｵｶﾞｵ,1
晶,1
外人,1
小雨,1
deformable,1
朋,1
chap,1
枠,1
駄洒落,1
マカー,1
冷や汗,1
マニアック,1
revision,1
原論,1
dos,1
lncyeMw,1
塵,1
Progress,1
zazang,1
Tzagarakis,1
ユーティリティフォルダ,1
sayaka,1
contours,1
でき,1
smoothware,1
チイサイコトハ,1
ホ,1
magic,1
sakura,1
Flash,1
javaScript,1
空手,1
multimedia,1
御池,1
lec,1
モー,1
造り,1
phonologue,1
区域,1
Organizing,1
うそ,1
折れ線,1
うえ,1
犯罪,1
Inks,1
ほんと,1
産経,1
失礼,1
Library,1
半蔵門,1
すき,1
QPtoolkit,1
ゲーミフィケーション,1
サクッ,1
素直,1
hige,1
すね,1
gnavi,1
山科,1
精一杯,1
いくら,1
りっぱ,1
moroshigeki,1
Apple,1
ランプハラジュク,1
robot,1
One,1
限月,1
カバン,1
調べ,1
narinari,1
naist,1
yamaguchi,1
辞典,1
Emergency,1
お年,1
丸,1
左上,1
TOKYO,1
snaky,1
Social,1
宗教,1
ソノレイド,1
院生,1
拍子,1
インフォメーション,1
Material,1
組み,1
野村,1
baa,1
西山,1
posuta,1
Aided,1
lovelet,1
陳,1
リーディング,1
ying,1
Proc,1
festival,1
進,1
ポンプ,1
ofxTuio,1
interests,1
かな,1
ITO,1
かけ,1
Ambient,1
ITS,1
コードセット,1
深セン,1
根拠,1
かも,1
documents,1
Ahlberg,1
輝,1
スズキ,1
足跡,1
瀬戸,1
私情,1
つぶやき,1
tanaka,1
ckd,1
アイシールド,1
EXB,1
毎日新聞,1
香,1
ソン,1
辺り,1
玄関,1
should,1
terminal,1
entities,1
edf,1
hako,1
handle,1
Tabby,1
健夫,1
願,1
静岡,1
据え置き,1
KII,1
Registration,1
体調,1
クド,1
Ph,1
聖夜,1
PS,1
QCAR,1
AOYAMA,1
keynote,1
真之,1
走り,1
店員,1
事務所,1
大幅,1
Hairlytop,1
Contents,1
ci,1
cl,1
IAMAS,1
投,1
得,1
若年,1
トラック,1
ボクセルディスプレイ,1
cu,1
指先,1
Wisneski,1
机上,1
Get,1
ぱりまっすぐならにゃい,1
Phone,1
タンジブルデバイス,1
テクニック,1
事例,1
tsuka,1
プレッシャー,1
選書,1
vs,1
血の気,1
daa,1
murakami,1
インスタレーション,1
kaori,1
はんだ,1
android,1
塚田,1
haconiwa,1
レンガ,1
wipgroup,1
AppStore,1
レンズ,1
リセット,1
VIrtual,1
CSCL,1
patterns,1
akaneuemichi,1
Phrase,1
Matching,1
akira,1
glut,1
Lab,1
形容詞,1
Investigate,1
ミ,1
五十嵐,1
京都産業大,1
フロント,1
びっとびでまとまってない,1
トリック,1
datada,1
布製,1
hwe,1
ハテナ,1
大層,1
腕,1
パラダイス,1
Element,1
地面,1
kri,1
JellyFishRC,1
モーションキャプチャー,1
題目,1
モリモリプログラム,1
接点,1
勝手,1
項目,1
Listening,1
ＢＢＭＧ,1
Pinwheels,1
Flame,1
大差,1
count,1
Conclution,1
toroponin,1
TeXShop,1
往,1
隆,1
int,1
すす,1
lookup,1
details,1
Structure,1
U,1
和典,1
正,1
流れ星,1
ギャップ,1
お客,1
Templete,1
ソニーエクスプローラサイエンス,1
造,1
現行,1
ミニツク,1
飯田,1
リファクタリング,1
科,1
尋常,1
野嶋,1
SNK,1
MAC,1
futomi,1
LSE,1
鴨川,1
tacchi,1
Amazon,1
切り口,1
duffle,1
formandcomputing,1
初歩,1
itunes,1
Storybook,1
browsing,1
highly,1
底,1
AKZTlR,1
アリス,1
若手,1
indiana,1
ただ今,1
旭化成,1
扇子,1
昼休み,1
奨学,1
土台,1
偶,1
直也,1
カツ,1
カバ,1
plist,1
カメ,1
akisbspo,1
mxcl,1
interview,1
下関,1
名刺,1
ハワイ,1
カク,1
年号,1
ドキュメント,1
短め,1
office,1
zen,1
japan,1
Tips,1
TablescapePlus,1
傷,1
Miruko,1
then,1
Yarin,1
Motion,1
パッペト,1
they,1
mothergoose,1
bank,1
お過ごし,1
sekai,1
Type,1
坂口,1
トスターコースター,1
シミュレーター,1
浩二,1
晃,1
ntt,1
AMBITION,1
ルール,1
Sketch,1
ループ,1
Arctanbler,1
天王寺,1
National,1
有無,1
音像,1
妥当,1
Kjeld,1
こまめ,1
Repository,1
冷,1
EXPLANATIONS,1
tategakibunko,1
昼飯,1
Sep,1
TUI,1
See,1
Relation,1
ktd,1
VMP,1
外積,1
FEBRUARY,1
後者,1
Christian,1
Levin,1
里,1
セットアップ,1
quantitative,1
INTERFASCIA,1
QR,1
comyucky,1
Dynamic,1
TheLab,1
スピード,1
身体,1
firestorage,1
visualisation,1
Anna,1
自伝,1
モールド,1
ホーム,1
ホール,1
朋子,1
お喋り,1
駅前,1
dl,1
白板,1
de,1
da,1
dy,1
あやふや,1
秀夫,1
明かり,1
スピーカ,1
Leverage,1
techniques,1
Articulation,1
Water,1
一人,1
Technologies,1
wd,1
wl,1
wi,1
フルスクリーン,1
石野,1
wp,1
自信,1
MOS,1
心象,1
wU,1
coe,1
negotiation,1
自主,1
有益,1
Membrane,1
パーサー,1
アフォーダンス,1
担,1
excite,1
一体,1
員,1
悦朗,1
煙草,1
Building,1
cont,1
ダイナミック・ショット,1
箔,1
conf,1
ふたつ,1
不運,1
不具合,1
hand,1
Ishii,1
roomie,1
contact,1
musical,1
観葉,1
ゅした,1
thanks,1
天気,1
機関,1
後藤,1
appleID,1
designers,1
Nexus,1
上がったり,1
オシャレ,1
局所,1
lawmn,1
siftfeat,1
Poker,1
jarticle,1
おいで,1
訳,1
兎の毛,1
BvE,1
メンバー,1
人並み,1
ベーゴマ,1
Image,1
極,1
仁木,1
日本電信電話,1
Pixie,1
同志社大学,1
ついで,1
Hedgehog,1
iisf,1
メッセージ,1
荒,1
archive,1
語,1
Fishoes,1
砂利,1
ゴミ箱,1
ためし,1
kvm,1
論拠,1
バッドデータ,1
Displays,1
ザザッ,1
concept,1
macosx,1
Servo,1
根元,1
aidiary,1
uma,1
Present,1
bnHDf,1
フリー,1
Kazuyuki,1
プロフェッショナル,1
京都工芸繊維大学,1
インクルーシブデザイン,1
INFORMATION,1
トド,1
タプル,1
Finding,1
フリッカー,1
assistance,1
scalpcare,1
トレ,1
pKOJ,1
Mallrats,1
槻,1
しゅん,1
domains,1
年末年始,1
Kitano,1
jar,1
Angry,1
fbe,1
fbd,1
読,1
風車,1
hokkaidou,1
衛星,1
週刊,1
WordNet,1
ぱるううううううぅぅぅぅ,1
対外,1
cam,1
Yohei,1
geocities,1
clothing,1
忠一,1
手袋,1
Haugan,1
行き,1
ゅいんて,1
Architectural,1
Dropbox,1
product,1
FUJIMOTO,1
秀和,1
バイナリーコード,1
ヒューマンコンピュータインタラクション,1
精神,1
voce,1
杉浦,1
graphvis,1
ダジャレ,1
Jan,1
なけなし,1
forms,1
確実,1
ムラ,1
南北,1
fiAf,1
ベニヤ板,1
ンテーションスライド,1
おい,1
domain,1
ei,1
Implementation,1
ef,1
Perl,1
クライアント・サーバ,1
watanabe,1
space,1
ヘッドマウントディスプレイ,1
ぎてぐだぐだなった,1
武器,1
長谷川,1
敵,1
むき出し,1
九州大学,1
size,1
getujidb,1
ポインティングシステム,1
CkErUiAlT,1
花,1
fn,1
that,1
いや,1
いも,1
ジャック,1
qual,1
シーソー,1
タイポグラフィ,1
中西,1
semantics,1
隠れ,1
むまでやってみるしかないのかな,1
柳,1
いか,1
見返し,1
男女,1
Conspiratio,1
Sprite,1
村中,1
スキー,1
いち,1
マージャン,1
モーションキャプチャ,1
teuxdeux,1
marogarita,1
メカニズム,1
目覚まし,1
Interactivity,1
Wed,1
Wei,1
upgrade,1
政治,1
Integrating,1
Nasukawa,1
インタラクティブ・サーフェス,1
ビ,1
kiki,1
朝日新聞,1
Anticipation,1
外界,1
後輩,1
sandor,1
テイジイエル,1
Memo,1
上田,1
LaunchAgents,1
係,1
しら,1
Chorome,1
GrahicConverter,1
神山,1
portraithttp,1
機械,1
Through,1
taikai,1
overview,1
COE,1
YUUMxYkVTZjRCWFoxa,1
下向き,1
ナビゲーション,1
Pain,1
Meintainis,1
onomatope,1
眼,1
コンピューティング,1
精緻,1
背中,1
Ooho,1
UFJ,1
UFO,1
kahori,1
報酬,1
PowerPoint,1
Better,1
GND,1
ワカ,1
NyIDMarker,1
media,1
がくがく,1
砂場,1
だるま,1
安定,1
セイ,1
多大,1
白,1
ccc,1
SDK,1
野口,1
悟,1
Interactions,1
アクセント,1
Analyst,1
real,1
ama,1
amd,1
weathernews,1
バッテリー,1
黒板,1
Mark,1
Alfred,1
Amershi,1
水田,1
tdk,1
冨永,1
画期的,1
kasei,1
ontology,1
黒木,1
メガネ,1
ぐりのせいくらべ,1
写実,1
elementary,1
キネティックタイポグラフィー,1
Meeting,1
文句,1
Sponichi,1
万物,1
Formalization,1
締め切り,1
embedded,1
comicp,1
ゲイナー,1
虫眼鏡,1
yoE,1
バッドデータハンドブック,1
イノベーションハッカソン,1
SEEA,1
クディラ,1
水球,1
Annex,1
モーター,1
kougei,1
越野,1
registry,1
手軽,1
building,1
試し,1
ニフティ,1
Modern,1
ダーツ,1
緯度,1
jpbciv,1
messa,1
semantic,1
Taku,1
おおまか,1
ビリヤード,1
鐘,1
Schmidt,1
岳,1
フィギュア,1
自動車,1
電灯,1
Faceted,1
berrypicking,1
Number,1
ライフライン,1
タンジブルスクリーン,1
cues,1
nano,1
アポイント,1
張,1
daruman,1
あまり,1
篔康,1
竜,1
オススメ,1
直弥,1
マット,1
井,1
jry,1
量的,1
ved,1
ヨシダ,1
プラグ,1
HlEpM,1
内山,1
ズゴゴゴゴ,1
HvMlRk,1
dion,1
SS,1
Chest,1
法案,1
SF,1
SE,1
IBM,1
pushed,1
コップ,1
ysekigch,1
spreadsheet,1
INTERACTION,1
fe,1
亜紀,1
fi,1
文中,1
塗料,1
ヅラ,1
MAKE,1
良好,1
File,1
遅れ,1
チーズ,1
taxonomy,1
高め,1
薄膜,1
基板,1
ffb,1
ソーシャルリンキング,1
末日,1
草花,1
リョウキ,1
shimada,1
東大,1
yk,1
KOJIMA,1
薬剤,1
yg,1
anticipated,1
eizo,1
ninja,1
スコープ,1
勢い,1
マグネットセンサ,1
武,1
マルチモーダル,1
Macbook,1
capability,1
櫻,1
Liam,1
sketches,1
TAKUMI,1
バンド,1
Wayfinding,1
ゃぁ,1
降水,1
Rakugaki,1
お盆,1
event,1
ビジュアル,1
Ficon,1
亨,1
zgmf,1
密,1
pub,1
Stages,1
ケータイ,1
花村,1
Maps,1
コーナー,1
コーナン,1
Blevis,1
anigaman,1
ビューアー,1
Transparent,1
fkDNfXlY,1
後ろ向き,1
kurashi,1
亜美,1
鯛,1
jquery,1
mocap,1
ロ,1
kybw,1
yoshihito,1
マン,1
雨天,1
null,1
Engineering,1
創,1
三浦,1
Magnet,1
Kazuma,1
experiences,1
Strawlike,1
Concepts,1
牧羊,1
jpnkws,1
promobile,1
英会話,1
Extending,1
Nishimura,1
インタラクションシステム,1
別々,1
DCMI,1
ツイッターアカウント,1
スペックシート,1
during,1
サムギョプサル,1
橋本,1
食費,1
ダイナミック,1
michishiki,1
NEUTRAL,1
toyoshi,1
採否,1
culture,1
JAIST,1
別れ,1
変数,1
手間,1
まろ,1
規模,1
Sand,1
バンクーバー,1
understanding,1
ミギー,1
Xcode,1
sensitive,1
同姓,1
カッコウ,1
水準,1
My,1
深度,1
定数,1
empty,1
else,1
チープリ,1
Software,1
Useful,1
濃淡,1
guide,1
jpm,1
玄,1
jpn,1
hellob,1
nyartoolkit,1
モバイルコンピューティング,1
フィルム,1
ready,1
Eyes,1
暗喩,1
Understanding,1
扁桃,1
小出し,1
一志,1
補色,1
comax,1
Drawer,1
真実,1
内,1
Kohei,1
startups,1
芸能人,1
CPqln,1
有料,1
Graphic,1
食,1
Computing,1
Fink,1
unixdic,1
艸,1
和紙,1
ジャンヌバレ,1
シフトチェンジ,1
omori,1
網,1
SYyLk,1
松尾,1
Schelling,1
Taylor,1
Scan,1
アワード,1
気楽,1
良平,1
アミティエ,1
Mutual,1
Discovering,1
neko,1
statistics,1
MALLET,1
兄,1
pwd,1
癖,1
東山,1
utf,1
ジュリア,1
平気,1
Edward,1
急,1
sigconf,1
nai,1
髪型,1
ユーザビリティテスト,1
TE,1
Konstantinos,1
ぅ,1
デプスカメラ,1
玩具,1
AS,1
tekuteku,1
Ak,1
jbppo,1
Git,1
ゲージ,1
袋,1
gz,1
池田,1
外,1
compact,1
Benchmark,1
いちど,1
Aware,1
gK,1
terasawa,1
船上,1
facebook,1
正明,1
awawaaaaa,1
zl,1
zo,1
skyoe,1
十分,1
TINDERBOX,1
型番,1
Camera,1
Teaching,1
zw,1
click,1
zI,1
valet,1
ベンチャー,1
頻繁,1
玲,1
slideshows,1
リックス,1
片,1
割合,1
Onomatopoeia,1
中目黒,1
Back,1
win,1
wii,1
一帯,1
Ayumi,1
singing,1
folksonomy,1
エンジニア,1
同名,1
JST,1
Membership,1
知り合い,1
シュバッ,1
おと,1
線引き,1
正月,1
サンポート高松,1
互い,1
ゃんはしんじてる,1
ノギス,1
カミさん,1
軟体,1
オータム,1
メロディ,1
QNAP,1
生態,1
Alloy,1
阪急,1
kaito,1
アソシエイト,1
harajuku,1
ｺｼｮｺｼｮ,1
Usage,1
LBV,1
フリクションボールペン,1
VeryGood,1
Volunteer,1
余力,1
移り,1
糸状,1
university,1
slide,1
ビスケット,1
Spatial,1
ジュークボックス,1
マグカップ,1
手打ち,1
gunma,1
矢野,1
誤差,1
砂,1
醇,1
yoni,1
powerful,1
HORN,1
レフ,1
尚,1
擬鳥,1
Timetablemkr,1
組み込み,1
ヒュッ,1
ARDroneForP,1
一元,1
ketchapp,1
Ruthven,1
マイクロシステムインテグレーション,1
ゼミネトジャ,1
WaterLamp,1
ほり,1
レイ,1
mantra,1
ss,1
NAKAJIMA,1
チキン,1
バンダイ,1
アイス,1
パーティション,1
Analytic,1
environments,1
ベスト,1
政策,1
とんとん,1
水性,1
置物,1
つまみ食い,1
Enter,1
awa,1
バリエーション,1
用事,1
只今,1
汚れ,1
見解,1
Matt,1
土井,1
器用,1
自在,1
PublicationBySequence,1
MacPorts,1
opencampus,1
面白み,1
振替,1
サイリューム,1
洋一,1
ぱっ,1
sjdF,1
syamamoto,1
ホタルイカ,1
ぐっちゃぐちゃなった,1
白羽,1
Question,1
ＷＷＷ,1
nakamatsu,1
山岡,1
答え,1
角谷,1
昌彦,1
Recall,1
やあ,1
key,1
背後,1
び,1
慶応大学,1
ダイハツ,1
Harter,1
マルチプロジェクションシステム,1
極意,1
yat,1
Horizontal,1
xlsx,1
otn,1
otf,1
graduatehtesis,1
ジェネラティブアート,1
ＰＣmail,1
年次,1
テキス,1
demo,1
wkr,1
犯科,1
asano,1
不都合,1
ysny,1
フラ,1
水晶,1
well,1
アレン,1
みどり,1
Have,1
BG,1
BC,1
狙い,1
あし,1
Collections,1
hess,1
Gaming,1
教員,1
学力,1
By,1
sonia,1
CISCO,1
機種,1
Cups,1
page,1
library,1
向き,1
あめ,1
NJA,1
Microsoft,1
bonrinji,1
highgui,1
劉,1
コミックソン,1
ご飯,1
くいな,1
museum,1
ロゴ,1
スミ,1
Snowplane,1
心置き,1
スキ,1
Mavericks,1
遊,1
FET,1
gaRRszQiv,1
hb,1
cyberagent,1
WEBSERVICE,1
インクリメンタル,1
ロン,1
宮島,1
項,1
鎌田,1
学区,1
multimodal,1
MSN,1
メディアート,1
簿記,1
photonics,1
blogs,1
余地,1
Theme,1
negi,1
ミニ,1
イタリア,1
般,1
成分,1
ミリ,1
Apache,1
巻数,1
バシャバシャ,1
むずい,1
スチール,1
Established,1
japanese,1
Version,1
びゅん,1
usuisq,1
kansei,1
マイコン,1
Harry,1
読み切り,1
むら,1
Relations,1
schuk,1
hiroe,1
arms,1
type,1
語学,1
白色,1
劇的,1
伸介,1
setup,1
主要,1
リーンスタートアップ,1
root,1
skype,1
ナレッジインタラクションデザイン,1
RDFS,1
体型,1
課,1
光子,1
新品,1
翔,1
むず,1
晶一,1
データソン,1
第一歩,1
原島,1
辛口,1
comxs,1
ec,1
光学,1
建物,1
プロセシング,1
裏,1
before,1
ブルドッグブルブル,1
cres,1
ネイルチップ,1
ょっこっと,1
瞬時,1
ソーシャルアノテーション,1
話し方,1
幸輝,1
side,1
Ullmer,1
ジブリ,1
HMZ,1
comkeeenji,1
岩崎,1
HMD,1
俊樹,1
データセット,1
isu,1
ビビンパ,1
ish,1
Raincanpaign,1
ウィンドウ,1
Cafe,1
ネオン,1
三鷹,1
フォースフィードバック,1
WQLzAoDY,1
EXPO,1
コネクタ,1
酸素,1
BBC,1
わら,1
Craig,1
わん,1
渉,1
mind,1
わび,1
パーセント,1
大,1
ONLINE,1
人気,1
飯田橋,1
鍋,1
テラス,1
gsk,1
don,1
syntax,1
horishita,1
アウトプット,1
念頭,1
tabid,1
卓上,1
GLOH,1
利潤,1
Overview,1
フォトカプラ,1
ban,1
reference,1
敷地,1
shopguide,1
Run,1
尼崎,1
現況,1
女性,1
基金,1
disneymobile,1
半径,1
ハイパーテキスト,1
アクティビティ,1
左,1
皆さま,1
Supported,1
Conferenc,1
Tsujii,1
Polka,1
水筆,1
受動,1
Vocabulary,1
めど,1
雑感,1
QUESTIONING,1
JSON,1
ゅん,1
点,1
CM,1
疑似,1
CS,1
CR,1
Co,1
Process,1
華,1
gaiyo,1
早々,1
例年,1
il,1
pitag,1
ie,1
kakei,1
make,1
iV,1
ギャグ,1
Peripheral,1
Vr,1
dayinthelife,1
yet,1
むじゅかしいよ,1
News,1
カオス,1
経度,1
reuse,1
像,1
様様,1
background,1
Art,1
comzw,1
manual,1
Provost,1
データベース,1
SURF,1
ステッピングモータ,1
deal,1
printer,1
ウッド,1
イ,1
Drop,1
bold,1
全員,1
知識工学,1
エリーゼ,1
Magrid,1
magazine,1
commit,1
ResultMaps,1
SUI,1
Draft,1
TED,1
TEX,1
MeetingPot,1
TES,1
IPAdic,1
arets,1
untitled,1
ザワメク,1
リアクション,1
了,1
エディタ,1
懸案,1
Andrew,1
Sofus,1
digital,1
Layered,1
ユニバーサル,1
運賃,1
Tabletop,1
特急,1
shot,1
神奈川,1
セ,1
aspx,1
FOAF,1
FIX,1
飛行機,1
上野,1
周,1
FIx,1
item,1
ﾟーﾟ,1
MediaArt,1
梶並,1
NfMyUPqXGa,1
抜き,1
mSpace,1
淳,1
refions,1
WOLF,1
international,1
粘土,1
ボート,1
急務,1
useful,1
正面,1
初期,1
水切り,1
ahhh,1
ダイヤ,1
壁面,1
nenji,1
CHUhU,1
repro,1
めぐみ,1
koeiaquatec,1
アーティスト,1
テプラ,1
culocilishima,1
idia,1
puri,1
mat,1
バイス,1
忍,1
大阪大学,1
mai,1
SearchTogether,1
provide,1
Hamm,1
monoscape,1
栄養,1
店舗,1
皓,1
shaka,1
バレー,1
policy,1
谷川,1
MusicMonitor,1
有香,1
アイコンチャット,1
CodeZine,1
texworks,1
engadget,1
ロックオン,1
実例,1
girl,1
英樹,1
適当,1
ＳＩＧＧＲＡＰＨ,1
プリンター,1
ファジィシステムシンポジウム,1
Apr,1
first,1
二宮,1
ポート,1
催し,1
sihp,1
ディーラー,1
御堂筋,1
ToolDevice,1
DY,1
Tomoko,1
kobayasi,1
育,1
万難,1
performance,1
canna,1
真理子,1
track,1
そっこう,1
アドミニストレーション,1
希,1
アクシデント,1
フジテレビ,1
木材,1
木村,1
祝日,1
余談,1
gen,1
codezine,1
帆布,1
エ,1
flEBkZh,1
IVISE,1
コーパス,1
テキストマイニングアプリケーション,1
tus,1
Identified,1
ji,1
言動,1
imd,1
Nakakoji,1
部,1
消しゴム,1
ぉろ,1
岡,1
arts,1
maru,1
marr,1
利明,1
Modeling,1
クエスト,1
散歩道,1
Points,1
Action,1
ぴこぴこ,1
梅田,1
目黒,1
different,1
speech,1
荒川,1
本当,1
Laboratory,1
Britta,1
スルー,1
ＫＫＲ,1
aspect,1
光通信,1
市営,1
ワンピース,1
YDY,1
合否,1
mov,1
ceparentTabletopInterface,1
着実,1
大賞,1
独特,1
Entertainment,1
tstg,1
New,1
Geek,1
ブレイン・コンピューティング,1
kyoto,1
気配,1
閑話休題,1
Behavior,1
カメレオン,1
貴史,1
近代,1
Thermo,1
各々,1
Making,1
ModifyDate,1
LightCloth,1
ディズニー,1
堺,1
aoki,1
穎,1
雑,1
Docomo,1
原則,1
マンツーマン,1
カストーディアル,1
詩,1
境界,1
性格,1
VISA,1
Dahley,1
トレーシングペーパ,1
火水,1
ハーロウ,1
俊朗,1
敷居,1
多摩美術大学,1
シスベンチャーアルゴリズム,1
キャッチャー,1
kYDwyu,1
パブリック,1
ノー,1
インセンティブ,1
cooperative,1
oregonstate,1
ぴの,1
小児,1
wsd,1
鳳,1
外観,1
勧め,1
Ring,1
Georg,1
javacscript,1
徳島,1
uchiyamalab,1
beacon,1
Contact,1
HCI,1
asakanwiki,1
バイブレーション,1
eye,1
多人数,1
ぱかぱかさせたい,1
Instruction,1
胴上げ,1
takatsuki,1
改め,1
Hearst,1
needs,1
有色,1
こめ,1
Facilitating,1
アメーバブログ,1
Dot,1
ujarticle,1
SmartSkin,1
三輪,1
TangledCube,1
ツイート,1
through,1
Ranking,1
pad,1
中小,1
李,1
煩悩,1
Bae,1
oki,1
塩澤,1
mm×,1
皮膚,1
モバコンネトジャ,1
皮膜,1
向山,1
eINxZT,1
mental,1
デベロッパー,1
ダル,1
中島,1
フランク,1
evaluation,1
EI,1
ImageMagic,1
ED,1
LumiTouch,1
texworksbibtex,1
祝,1
Uno,1
れい,1
ノウハウ,1
CBCINGSOSAKA,1
Ex,1
Kosuke,1
done,1
KjNOjJz,1
gelchipnail,1
Screen,1
Environmental,1
ジェスチャー,1
スポニチ,1
Problem,1
通販,1
ちびっこ,1
Intro,1
大量,1
タンジブル・ビット,1
VoiceBand,1
奥山,1
paths,1
ポン,1
Manolis,1
Kit,1
Webserver,1
まとも,1
日時計,1
charm,1
裸眼,1
平行,1
藤,1
カルキュラム,1
ホテル,1
ks,1
SNIF,1
ハイ,1
写,1
headlines,1
びかなくなるかもしれんよなあとちょっと,1
FUJITA,1
パッション,1
ハラ,1
絆,1
eizoten,1
思い,1
nakany,1
金魚,1
交互,1
博史,1
服,1
痛み,1
SeachTogether,1
鬼平,1
interfaces,1
Programming,1
術,1
長靴,1
煙,1
Yee,1
中学,1
create,1
コンテキスト,1
馬場,1
アンド,1
グレイト,1
一般人,1
蛍,1
HEF,1
インテリア,1
Zachary,1
Rajiv,1
多目的,1
アンキスナップ,1
IBqVO,1
Descending,1
syk,1
会期,1
Laughter,1
吉田,1
Lilypad,1
visualizations,1
Tools,1
つまり,1
lda,1
puzzle,1
Pyhton,1
仕事場,1
rgb,1
Christopher,1
Tシャツ,1
画家,1
Exploration,1
Yuichi,1
nakanishi,1
フォーム,1
雫,1
NIME,1
api,1
羊毛,1
ぎゅん,1
チコ,1
戦い,1
水はけ,1
Bot,1
相性,1
年明け,1
Cocos,1
仕上がり,1
clplefnflapjmnngmkkkkpfad,1
マット・ピアソン,1
handbook,1
Fly,1
エージェント,1
atelieromoya,1
任意,1
ｰ,1
exploration,1
紫乃,1
ＧＰ,1
UNIX,1
書き出し,1
ナニコレ,1
curl,1
Mar,1
プリクラ,1
lens,1
修辞,1
sampleDB,1
正規,1
VolumeSlicingDisplay,1
Scott,1
Hashida,1
Business,1
ぷれいん,1
Uramoto,1
熱,1
著者,1
余り,1
jpregina,1
渋谷,1
振り出し,1
entire,1
西川,1
WATER,1
マンガビューワ,1
スキーリフトシミュレーター,1
ROZIN,1
大安吉日,1
中国,1
スタイロフォーム,1
others,1
トデータ,1
Livemocha,1
Intelligence,1
スティック,1
ブラッシュ,1
奈央,1
館内,1
SMS,1
FA,1
hanzomemo,1
FI,1
SMD,1
Driver,1
kyoiku,1
触感,1
ロシア,1
chu,1
プレイモアゲーム,1
ライティングラボ,1
hrhrblog,1
老後,1
りょう,1
鎭河,1
YK,1
土,1
di,1
Ye,1
Ｏ,1
lamp,1
Cardiac,1
Ys,1
tak,1
カッツマン,1
円滑,1
ABC,1
幅,1
collection,1
泥沼,1
有難味,1
福地,1
自力,1
上面,1
レリバンスフィードバック,1
厚手,1
せんせい,1
生ゴム,1
ハウス,1
Interfaces,1
jDkPkWdDNGVy,1
li,1
image,1
米澤,1
トーク,1
dan,1
なんぼ,1
Lover,1
Natural,1
立方体,1
触手,1
学長,1
ウインドウ,1
人生,1
lecture,1
ref,1
八尾,1
math,1
梶山,1
Goldmann,1
シンクタンク,1
Developer,1
texshop,1
puppet,1
HreUUOfT,1
Spink,1
青春,1
wishlist,1
ipad,1
Foster,1
kage,1
macth,1
ハナムラチカヒロワークショップ,1
Pad,1
マッシュ,1
Visor,1
Takahiro,1
Activities,1
mukaer,1
裏面,1
Printing,1
音波,1
知美,1
Illustrated,1
graphs,1
天野,1
Russel,1
信用金庫,1
supported,1
コナミデジタルエンタテインメントゲーム,1
Guildline,1
コ,1
公共,1
コンタクト,1
SONY,1
魚,1
江戸,1
ドカベン,1
ギャラリー,1
GAINER,1
Growl,1
グリッド,1
ビーコン,1
APPROACH,1
位,1
ww,1
チケット,1
ronbun,1
fryo,1
World,1
UML,1
cscl,1
三菱,1
ringthetest,1
proposal,1
Acceptance,1
食料,1
論題,1
矢,1
驚,1
Horvitz,1
Assessing,1
オン,1
高弘,1
タイミング,1
マズ,1
Garden,1
持ち回り,1
openCV,1
不透明,1
オチ,1
bjZyvZDujBQ,1
マデニヤセナイト,1
ネガキャン,1
本体,1
ZnmB,1
チャイム,1
俊男,1
latest,1
ユビキタス,1
策,1
字体,1
JACIII,1
YouTube,1
add,1
年表,1
ＰＤＦ,1
川上,1
両面,1
telepresence,1
鯖江,1
qualitative,1
Takuma,1
バン,1
Excel,1
バレ,1
PocoPoco,1
ピンチ,1
esc,1
バグ,1
Robot,1
さび,1
達夫,1
品質,1
さく,1
スイカ,1
もぐら,1
レース,1
ほん,1
フェーズ,1
REFERENCE,1
オープンガバメント,1
FAST,1
藤掛,1
ぎり,1
but,1
Queries,1
セレンディピティ,1
意地,1
ゃんくぼっくす,1
wiss,1
縁,1
キュビズム,1
食材,1
tabletop,1
ただし,1
Turning,1
virtual,1
Macrobehavior,1
tekutekup,1
無双,1
擬態語,1
一言,1
藤岡,1
hati,1
欲,1
mwm,1
GT,1
GP,1
落ち着き,1
Gd,1
interactionOmori,1
Festival,1
nkws,1
naid,1
５つ,1
シーズン,1
情熱,1
読者,1
Made,1
Za,1
JrUaas,1
基,1
人体,1
安静,1
婦人,1
坂道,1
ピクトグラム,1
人事,1
Express,1
instructables,1
市立,1
must,1
嗣,1
ma,1
mc,1
テキストファイル,1
mu,1
ブート・ローダ,1
新入生,1
変化球,1
台湾,1
myzkkzy,1
III,1
m×,1
RmlHo,1
danny,1
責任,1
合言葉,1
アンペア,1
Alternate,1
jpeg,1
たい,1
ロボットブレインコンピューティング,1
慎也,1
ースケジューリングタスクオントロジー,1
Mobile,1
一行,1
ひも,1
天然,1
東西,1
下図,1
西本,1
ひつ,1
不在,1
free,1
部長,1
formation,1
ため,1
彩,1
Vin,1
filter,1
はさみ,1
青年,1
Notification,1
coding,1
引可,1
税込,1
sakis,1
CNMCxxxAJP,1
脳味噌,1
tos,1
先端,1
ArtsChiyoda,1
鳥肌,1
ネ,1
莉紗,1
Patterns,1
バイオメディアアート,1
sorenoido,1
米国,1
イソギンチャク,1
複,1
倍,1
Syd,1
Manager,1
多面,1
暗やみ,1
位置付け,1
Wang,1
flow,1
行程,1
越前屋,1
けい,1
難易,1
moriyama,1
味覚,1
radio,1
台形,1
plusd,1
感傷,1
芯,1
サル,1
優貴,1
実態,1
lodosaka,1
Moore,1
意気,1
考,1
支え,1
プログラマ,1
INTERVIEW,1
つり,1
Utilities,1
プログラム,1
approach,1
始まり,1
Executables,1
gamer,1
jptktktkttktktk,1
CMkBEPwSMAk,1
OGAKI,1
肩こり,1
gengosiyoujinkou,1
xxx,1
Constructing,1
用途,1
不備,1
NyAR,1
奇麗,1
朗,1
Micromotives,1
密か,1
Golan,1
Zimmerman,1
EkvazIZx,1
Room,1
セルフプロデュースセルフ・プロデュース,1
Japanino,1
文庫本,1
破片,1
nuponpo,1
Trends,1
キネティックタイポグラフィ,1
ToInkantatory,1
不可,1
gxxWM,1
eli,1
yaochan,1
磁場,1
ancientfishtree,1
Taking,1
リクルーター,1
zoom,1
HW,1
透,1
specific,1
重力,1
タンジブルビット,1
attendance,1
hsv,1
町中,1
placeengine,1
ppd,1
型,1
土間,1
水時計,1
cjdZLabG,1
jaciii,1
カリキュラム,1
小春,1
la,1
Shneiderman,1
商用,1
波多野,1
COGNITIVE,1
名,1
nc,1
川口,1
subsidize,1
geisya,1
本番,1
focus,1
ニャロメロン,1
涙,1
SnowLeopard,1
environment,1
エナメル,1
Macskassy,1
Hsieh,1
カセム,1
water,1
groups,1
モータードライバ,1
Fischer,1
架け橋,1
払い,1
navigation,1
予備,1
lifehacker,1
Etzioni,1
Member,1
健司,1
沙,1
自暴自棄,1
Nikos,1
粟田,1
iphone,1
Fabbits,1
diagrams,1
トレンド,1
ワカチコー,1
パ,1
localstrage,1
Time,1
Push,1
Expression,1
セット,1
rvd,1
figure,1
ゃあできるんですね,1
１つ,1
パフォーマンス,1
愛,1
PPDs,1
Photocatena,1
Terms,1
出身,1
本筋,1
張り紙,1
ﾟ・,1
representation,1
アナグラム,1
YOMIURI,1
ェ,1
Markerless,1
結構,1
ーー,1
自腹,1
ピッケ,1
TATATATA,1
hateblo,1
term,1
Contest,1
入り口,1
〆切,1
kanon,1
gamification,1
蔵,1
純粋,1
体系,1
余興,1
reformulation,1
コール,1
メリハリ,1
TIARA,1
パーン,1
川床,1
コート,1
LEAN,1
ユニーク,1
ホスト,1
コープ,1
ホームページ,1
fsSk,1
gif,1
alam,1
PDF,1
取締役,1
wide,1
Demonstration,1
ぁぁぁ,1
キャラ,1
pro,1
dGUGc,1
silhouette,1
アノトペン,1
Mapping,1
NakaMatsu,1
フラグ,1
文面,1
Reusable,1
植木,1
乙,1
ース,1
重心,1
智洋,1
山岸,1
BackUp,1
キッカケ,1
TATATA,1
Promoting,1
真っ白,1
食品,1
貫,1
社名,1
cammo,1
御飯,1
標識,1
dendenele,1
書誌,1
orphans,1
体積,1
Photosata,1
ツライ,1
ケツログラフィティ,1
Bits,1
Tmm,1
高温,1
右足,1
梨子,1
学者,1
Biblio,1
コンピュータグラフィックス,1
Harlow,1
デリケート,1
comi,1
comk,1
techfirm,1
comd,1
SkypeID,1
情緒,1
sighci,1
不変,1
bunka,1
Arouse,1
兼ね合い,1
宏,1
小池,1
Note,1
プロセッシング,1
abstract,1
翌週,1
Badi,1
WAP,1
ぃいい,1
Karacapilidis,1
dghosA,1
フォトニクス,1
Intellgent,1
喜び,1
ECmemo,1
events,1
トリエンナーレ,1
IA,1
modes,1
sonycsl,1
Psychological,1
比率,1
システムズ,1
学芸,1
随時,1
behavioural,1
samba,1
堤,1
文学,1
玩,1
可否,1
prcessing,1
Applications,1
芳,1
非同期,1
SCITEC,1
容,1
Change,1
達,1
Brave,1
愛知,1
スクール,1
maximize,1
International,1
Listen,1
バランスボールインターフェース,1
provides,1
スペイン,1
エンタテインメントメディア,1
ITOH,1
hajimeni,1
チャンス,1
エン,1
音程,1
Hosomi,1
焔,1
distinctions,1
藤原,1
ゃばしゃ,1
TECH,1
さやか,1
エコ,1
Zacchi,1
エア,1
滋賀,1
atokore,1
ボン,1
ﾁｬｯﾄ,1
短編,1
Iida,1
chukan,1
作り,1
プラスアルファ,1
SGX,1
Dart,1
Helping,1
琢也,1
前者,1
collaborative,1
Controler,1
Facell,1
Composites,1
棚,1
AkWf,1
延,1
肝心,1
条件,1
synthetic,1
不親切,1
ガンバロー,1
合コン,1
Construction,1
Tapping,1
コレジャナイ,1
低温,1
GIS,1
オルガン,1
不明瞭,1
Testing,1
班,1
ユニット,1
様式,1
ted,1
リプレイス,1
relevances,1
タワー,1
鼻歌,1
孝,1
うつ病,1
米,1
新旧,1
ohguro,1
livemocha,1
pntm,1
隅,1
Wendel,1
Things,1
がむしゃら,1
DsvldMUtceU,1
調子,1
cocolog,1
中２,1
嵯峨,1
Collage,1
条件下,1
matchmaking,1
リネーム,1
ushJnQfjbF,1
積み木,1
Tufte,1
親友,1
錦戸,1
リポジトリ,1
プロミング,1
女の子,1
Interesting,1
ウォーター,1
モンスターズインク,1
WebMemo,1
藤代,1
framework,1
堅実,1
弱者,1
話題,1
Bannon,1
ユビキタスコンピューティング,1
Environments,1
荒牧,1
DESGIN,1
コエカキ,1
Fabric,1
posts,1
computerscience,1
光栄,1
高瀬,1
navigational,1
Practice,1
海外,1
fiber,1
ルービックキューブ,1
People,1
コンソール,1
Pass,1
CRETE,1
シュミレーション,1
長め,1
Models,1
comfn,1
コンピューター,1
寛,1
カップル,1
bunsan,1
fullcount,1
フリュー,1
Keywords,1
繭,1
Creativity,1
まち,1
しゃく,1
まじ,1
akai,1
ぱかぱかする,1
Dec,1
見え,1
八田,1
finding,1
安藤,1
Depth,1
行き過ぎ,1
ゅって,1
融,1
JF,1
クッション,1
おの,1
最先端,1
Jk,1
Value,1
jeanne,1
武裕,1
kotsu,1
activity,1
価値,1
厚,1
libraries,1
そつ,1
プチナース,1
numerous,1
哀,1
キャッチボール,1
Awarerance,1
pU,1
minituku,1
pr,1
立ち入り,1
java,1
pt,1
swf,1
jTs,1
vaguely,1
jpfryo,1
plants,1
viewtopic,1
SyncJuke,1
初学,1
サンダーバード,1
engineers,1
読み方,1
ぷろぐらむ,1
himmelischfeld,1
村木,1
VooDooIO,1
うえの,1
振る舞い,1
eyewear,1
成果,1
エモーション,1
前期,1
STYLE,1
最寄り,1
YOA,1
Com,1
Examining,1
Planter,1
ZOMBIE,1
コンテンツインタラクション,1
loading,1
サンスポ,1
アトリエオモヤ,1
ナレッジキャピタル,1
くだ,1
Pyama,1
shapes,1
時刻,1
play,1
ablerail,1
InteractionOmori,1
Email,1
atpages,1
Strino,1
prog,1
主,1
informatics,1
既,1
Ron,1
plaza,1
にし,1
月日,1
スタンディングオベーション,1
通,1
体感,1
財団,1
VisualC,1
Designers,1
日にち,1
ゃにゃらら,1
跳ね,1
argocorp,1
kn,1
化け,1
回り,1
ivrc,1
福祉,1
sessions,1
船,1
意義,1
Skills,1
海山,1
axsann,1
クライアントアプリ,1
ーーー,1
Hiroshi,1
Based,1
読売新聞,1
TheHapticCreature,1
BUFFALO,1
Object,1
Ooue,1
ｗｗｗｗｗ,1
ホテルモントレ,1
Emerging,1
陽子,1
小奇麗,1
公用,1
相互,1
食べ物,1
ジョイ,1
MySQL,1
acis,1
State,1
思いつき,1
ハコ,1
望美,1
Link,1
Kwasnik,1
あら,1
Meinertz,1
yakusora,1
Fostering,1
Insight,1
史,1
dcsol,1
あやとり,1
日立製作所,1
Robert,1
ﾌﾟﾛｸﾞﾗﾑ,1
シロズ,1
Lang,1
ritsumei,1
sora,1
upJpngvUx,1
ブランコ,1
ALL,1
労力,1
バカッ,1
セキュリティー,1
プロダクト,1
Schema,1
ホームセンター,1
sig,1
無意味,1
アバウト,1
nursingskills,1
oshirase,1
Geolocation,1
名言,1
light,1
ぱ,1
Kuna,1
観客,1
植生,1
稀,1
OndreickaMerrielle,1
TECHPLAN,1
内面,1
biomedical,1
practice,1
一過,1
行,1
ぷろぐらむもやります,1
針,1
ハナ,1
dropboxusercontent,1
Concentric,1
箱庭,1
名古屋,1
Preferences,1
最上級,1
フォト,1
尺度,1
interplay,1
試行錯誤,1
真っ黒,1
欣霖,1
common,1
ピエゾ,1
ぇ,1
This,1
一郎,1
サマキャン,1
本案,1
エディター,1
koekaki,1
Nikkansports,1
Haptic,1
echo,1
シフトレジスタスペックシート,1
anlp,1
扇風機,1
their,1
jAFaA,1
CDTV,1
人員,1
迷彩,1
数式,1
表層,1
Berger,1
patients,1
カタカナ,1
国立,1
音源,1
公益,1
タグクラウド,1
たばこ,1
Mh,1
yoppa,1
which,1
公的,1
速やか,1
エキスパート,1
class,1
JPG,1
DILAD,1
疲れ,1
小見山,1
半,1
人口,1
view,1
ラック,1
職場,1
fushio,1
暮らし,1
bizmakoto,1
efect,1
audiovisual,1
homebrew,1
衣,1
７つ,1
フランス語,1
お好み焼き,1
qbkhp,1
愛敬,1
小規模,1
shikakegaku,1
chmod,1
おもり,1
Spirits,1
航,1
Jul,1
アプリ・サービス,1
理科,1
陽平,1
漁り,1
hmm,1
paretto,1
地球,1
地理,1
りんご,1
amoeba,1
笑い,1
寿司,1
頼み,1
cimos,1
びもっつぃ,1
totolo,1
キュリー,1
文脈,1
ART,1
泣き言,1
ARG,1
国籍,1
母校,1
事,1
gliffy,1
mfs,1
デイリースポーツ,1
神戸信用金庫,1
ぴゅん,1
skp,1
Fan,1
comkvm,1
kansou,1
武蔵野美術大学,1
滋,1
Infant,1
know,1
Components,1
press,1
LOGO,1
abst,1
VRSJ,1
ニクロム,1
お先,1
Sun,1
tumblr,1
nagai,1
適正,1
tsukuba,1
テンション,1
師,1
Krathwohl,1
モチベーション,1
Soonil,1
暗黙,1
extension,1
考えもの,1
毛根,1
ndd,1
Portrait,1
Writing,1
プロジェクション・マッピング,1
ビジョン,1
Awareness,1
val,1
ee,1
数学,1
Dust,1
スニペット,1
Tel,1
WII,1
XML,1
烏丸,1
book,1
PLAN,1
研修生,1
哲,1
ワルツ,1
Weeeek,1
